t,u,y
0.0,0.0,0.0
0.01001001001001001,0.0,0.0
0.02002002002002002,0.0,0.0
0.03003003003003003,0.0,0.0
0.04004004004004004,0.0,0.0
0.050050050050050046,0.0,0.0
0.06006006006006006,0.0,0.0
0.07007007007007007,0.0,0.0
0.08008008008008008,0.0,0.0
0.09009009009009009,0.0,0.0
0.10010010010010009,0.0,0.0
0.11011011011011011,0.0,0.0
0.12012012012012012,0.0,0.0
0.13013013013013014,0.0,0.0
0.14014014014014015,0.0,0.0
0.15015015015015015,0.0,0.0
0.16016016016016016,0.0,0.0
0.17017017017017017,0.0,0.0
0.18018018018018017,0.0,0.0
0.19019019019019018,0.0,0.0
0.20020020020020018,0.0,0.0
0.21021021021021022,0.0,0.0
0.22022022022022023,0.0,0.0
0.23023023023023023,0.0,0.0
0.24024024024024024,0.0,0.0
0.2502502502502503,0.0,0.0
0.2602602602602603,0.0,0.0
0.2702702702702703,0.0,0.0
0.2802802802802803,0.0,0.0
0.2902902902902903,0.0,0.0
0.3003003003003003,0.0,0.0
0.3103103103103103,0.0,0.0
0.3203203203203203,0.0,0.0
0.3303303303303303,0.0,0.0
0.34034034034034033,0.0,0.0
0.35035035035035034,0.0,0.0
0.36036036036036034,0.0,0.0
0.37037037037037035,0.0,0.0
0.38038038038038036,0.0,0.0
0.39039039039039036,0.0,0.0
0.40040040040040037,0.0,0.0
0.41041041041041043,0.0,0.0
0.42042042042042044,0.0,0.0
0.43043043043043044,0.0,0.0
0.44044044044044045,0.0,0.0
0.45045045045045046,0.0,0.0
0.46046046046046046,0.0,0.0
0.47047047047047047,0.0,0.0
0.4804804804804805,0.0,0.0
0.4904904904904905,0.0,0.0
0.5005005005005005,0.0,0.0
0.5105105105105106,0.0,0.0
0.5205205205205206,0.0,0.0
0.5305305305305306,0.0,0.0
0.5405405405405406,0.0,0.0
0.5505505505505506,0.0,0.0
0.5605605605605606,0.0,0.0
0.5705705705705706,0.0,0.0
0.5805805805805806,0.0,0.0
0.5905905905905906,0.0,0.0
0.6006006006006006,0.0,0.0
0.6106106106106106,0.0,0.0
0.6206206206206206,0.0,0.0
0.6306306306306306,0.0,0.0
0.6406406406406406,0.0,0.0
0.6506506506506506,0.0,0.0
0.6606606606606606,0.0,0.0
0.6706706706706707,0.0,0.0
0.6806806806806807,0.0,0.0
0.6906906906906907,0.0,0.0
0.7007007007007007,0.0,0.0
0.7107107107107107,0.0,0.0
0.7207207207207207,0.0,0.0
0.7307307307307307,0.0,0.0
0.7407407407407407,0.0,0.0
0.7507507507507507,0.0,0.0
0.7607607607607607,0.0,0.0
0.7707707707707707,0.0,0.0
0.7807807807807807,0.0,0.0
0.7907907907907907,0.0,0.0
0.8008008008008007,0.0,0.0
0.8108108108108109,0.0,0.0
0.8208208208208209,0.0,0.0
0.8308308308308309,0.0,0.0
0.8408408408408409,0.0,0.0
0.8508508508508509,0.0,0.0
0.8608608608608609,0.0,0.0
0.8708708708708709,0.0,0.0
0.8808808808808809,0.0,0.0
0.8908908908908909,0.0,0.0
0.9009009009009009,0.0,0.0
0.9109109109109109,0.0,0.0
0.9209209209209209,0.0,0.0
0.9309309309309309,0.0,0.0
0.9409409409409409,0.0,0.0
0.950950950950951,0.0,0.0
0.960960960960961,0.0,0.0
0.970970970970971,0.0,0.0
0.980980980980981,0.0,0.0
0.990990990990991,0.0,0.0
1.001001001001001,0.0,0.0
1.011011011011011,0.0,0.0
1.021021021021021,0.0,0.0
1.031031031031031,0.0,0.0
1.0410410410410411,0.0,0.0
1.0510510510510511,0.0,0.0
1.0610610610610611,0.0,0.0
1.0710710710710711,0.0,0.0
1.0810810810810811,0.0,0.0
1.0910910910910911,0.0,0.0
1.1011011011011012,0.0,0.0
1.1111111111111112,0.0,0.0
1.1211211211211212,0.0,0.0
1.1311311311311312,0.0,0.0
1.1411411411411412,0.0,0.0
1.1511511511511512,0.0,0.0
1.1611611611611612,0.0,0.0
1.1711711711711712,0.0,0.0
1.1811811811811812,0.0,0.0
1.1911911911911912,0.0,0.0
1.2012012012012012,0.0,0.0
1.2112112112112112,0.0,0.0
1.2212212212212212,0.0,0.0
1.2312312312312312,0.0,0.0
1.2412412412412412,0.0,0.0
1.2512512512512513,0.0,0.0
1.2612612612612613,0.0,0.0
1.2712712712712713,0.0,0.0
1.2812812812812813,0.0,0.0
1.2912912912912913,0.0,0.0
1.3013013013013013,0.0,0.0
1.3113113113113113,0.0,0.0
1.3213213213213213,0.0,0.0
1.3313313313313313,0.0,0.0
1.3413413413413413,0.0,0.0
1.3513513513513513,0.0,0.0
1.3613613613613613,0.0,0.0
1.3713713713713713,0.0,0.0
1.3813813813813813,0.0,0.0
1.3913913913913913,0.0,0.0
1.4014014014014013,0.0,0.0
1.4114114114114114,0.0,0.0
1.4214214214214214,0.0,0.0
1.4314314314314314,0.0,0.0
1.4414414414414414,0.0,0.0
1.4514514514514514,0.0,0.0
1.4614614614614614,0.0,0.0
1.4714714714714714,0.0,0.0
1.4814814814814814,0.0,0.0
1.4914914914914914,0.0,0.0
1.5015015015015014,0.0,0.0
1.5115115115115114,0.0,0.0
1.5215215215215214,0.0,0.0
1.5315315315315314,0.0,0.0
1.5415415415415414,0.0,0.0
1.5515515515515514,0.0,0.0
1.5615615615615615,0.0,0.0
1.5715715715715715,0.0,0.0
1.5815815815815815,0.0,0.0
1.5915915915915915,0.0,0.0
1.6016016016016015,0.0,0.0
1.6116116116116117,0.0,0.0
1.6216216216216217,0.0,0.0
1.6316316316316317,0.0,0.0
1.6416416416416417,0.0,0.0
1.6516516516516517,0.0,0.0
1.6616616616616617,0.0,0.0
1.6716716716716717,0.0,0.0
1.6816816816816818,0.0,0.0
1.6916916916916918,0.0,0.0
1.7017017017017018,0.0,0.0
1.7117117117117118,0.0,0.0
1.7217217217217218,0.0,0.0
1.7317317317317318,0.0,0.0
1.7417417417417418,0.0,0.0
1.7517517517517518,0.0,0.0
1.7617617617617618,0.0,0.0
1.7717717717717718,0.0,0.0
1.7817817817817818,0.0,0.0
1.7917917917917918,0.0,0.0
1.8018018018018018,0.0,0.0
1.8118118118118118,0.0,0.0
1.8218218218218218,0.0,0.0
1.8318318318318318,0.0,0.0
1.8418418418418419,0.0,0.0
1.8518518518518519,0.0,0.0
1.8618618618618619,0.0,0.0
1.8718718718718719,0.0,0.0
1.8818818818818819,0.0,0.0
1.8918918918918919,0.0,0.0
1.901901901901902,0.0,0.0
1.911911911911912,0.0,0.0
1.921921921921922,0.0,0.0
1.931931931931932,0.0,0.0
1.941941941941942,0.0,0.0
1.951951951951952,0.0,0.0
1.961961961961962,0.0,0.0
1.971971971971972,0.0,0.0
1.981981981981982,0.0,0.0
1.991991991991992,0.0,0.0
2.002002002002002,0.0,0.0
2.012012012012012,0.0,0.0
2.022022022022022,0.0,0.0
2.032032032032032,0.0,0.0
2.042042042042042,0.0,0.0
2.052052052052052,0.0,0.0
2.062062062062062,0.0,0.0
2.0720720720720722,0.0,0.0
2.0820820820820822,0.0,0.0
2.0920920920920922,0.0,0.0
2.1021021021021022,0.0,0.0
2.1121121121121122,0.0,0.0
2.1221221221221223,0.0,0.0
2.1321321321321323,0.0,0.0
2.1421421421421423,0.0,0.0
2.1521521521521523,0.0,0.0
2.1621621621621623,0.0,0.0
2.1721721721721723,0.0,0.0
2.1821821821821823,0.0,0.0
2.1921921921921923,0.0,0.0
2.2022022022022023,0.0,0.0
2.2122122122122123,0.0,0.0
2.2222222222222223,0.0,0.0
2.2322322322322323,0.0,0.0
2.2422422422422423,0.0,0.0
2.2522522522522523,0.0,0.0
2.2622622622622623,0.0,0.0
2.2722722722722724,0.0,0.0
2.2822822822822824,0.0,0.0
2.2922922922922924,0.0,0.0
2.3023023023023024,0.0,0.0
2.3123123123123124,0.0,0.0
2.3223223223223224,0.0,0.0
2.3323323323323324,0.0,0.0
2.3423423423423424,0.0,0.0
2.3523523523523524,0.0,0.0
2.3623623623623624,0.0,0.0
2.3723723723723724,0.0,0.0
2.3823823823823824,0.0,0.0
2.3923923923923924,0.0,0.0
2.4024024024024024,0.0,0.0
2.4124124124124124,0.0,0.0
2.4224224224224224,0.0,0.0
2.4324324324324325,0.0,0.0
2.4424424424424425,0.0,0.0
2.4524524524524525,0.0,0.0
2.4624624624624625,0.0,0.0
2.4724724724724725,0.0,0.0
2.4824824824824825,0.0,0.0
2.4924924924924925,0.0,0.0
2.5025025025025025,0.0,0.0
2.5125125125125125,0.0,0.0
2.5225225225225225,0.0,0.0
2.5325325325325325,0.0,0.0
2.5425425425425425,0.0,0.0
2.5525525525525525,0.0,0.0
2.5625625625625625,0.0,0.0
2.5725725725725725,0.0,0.0
2.5825825825825826,0.0,0.0
2.5925925925925926,0.0,0.0
2.6026026026026026,0.0,0.0
2.6126126126126126,0.0,0.0
2.6226226226226226,0.0,0.0
2.6326326326326326,0.0,0.0
2.6426426426426426,0.0,0.0
2.6526526526526526,0.0,0.0
2.6626626626626626,0.0,0.0
2.6726726726726726,0.0,0.0
2.6826826826826826,0.0,0.0
2.6926926926926926,0.0,0.0
2.7027027027027026,0.0,0.0
2.7127127127127126,0.0,0.0
2.7227227227227226,0.0,0.0
2.7327327327327327,0.0,0.0
2.7427427427427427,0.0,0.0
2.7527527527527527,0.0,0.0
2.7627627627627627,0.0,0.0
2.7727727727727727,0.0,0.0
2.7827827827827827,0.0,0.0
2.7927927927927927,0.0,0.0
2.8028028028028027,0.0,0.0
2.8128128128128127,0.0,0.0
2.8228228228228227,0.0,0.0
2.8328328328328327,0.0,0.0
2.8428428428428427,0.0,0.0
2.8528528528528527,0.0,0.0
2.8628628628628627,0.0,0.0
2.8728728728728727,0.0,0.0
2.8828828828828827,0.0,0.0
2.8928928928928928,0.0,0.0
2.9029029029029028,0.0,0.0
2.9129129129129128,0.0,0.0
2.9229229229229228,0.0,0.0
2.932932932932933,0.0,0.0
2.942942942942943,0.0,0.0
2.952952952952953,0.0,0.0
2.962962962962963,0.0,0.0
2.972972972972973,0.0,0.0
2.982982982982983,0.0,0.0
2.992992992992993,0.0,0.0
3.003003003003003,0.0,0.0
3.013013013013013,0.0,0.0
3.023023023023023,0.0,0.0
3.033033033033033,0.0,0.0
3.043043043043043,0.0,0.0
3.053053053053053,0.0,0.0
3.063063063063063,0.0,0.0
3.073073073073073,0.0,0.0
3.083083083083083,0.0,0.0
3.093093093093093,0.0,0.0
3.103103103103103,0.0,0.0
3.113113113113113,0.0,0.0
3.123123123123123,0.0,0.0
3.133133133133133,0.0,0.0
3.143143143143143,0.0,0.0
3.153153153153153,0.0,0.0
3.163163163163163,0.0,0.0
3.173173173173173,0.0,0.0
3.183183183183183,0.0,0.0
3.193193193193193,0.0,0.0
3.203203203203203,0.0,0.0
3.2132132132132134,0.0,0.0
3.2232232232232234,0.0,0.0
3.2332332332332334,0.0,0.0
3.2432432432432434,0.0,0.0
3.2532532532532534,0.0,0.0
3.2632632632632634,0.0,0.0
3.2732732732732734,0.0,0.0
3.2832832832832834,0.0,0.0
3.2932932932932935,0.0,0.0
3.3033033033033035,0.0,0.0
3.3133133133133135,0.0,0.0
3.3233233233233235,0.0,0.0
3.3333333333333335,0.0,0.0
3.3433433433433435,0.0,0.0
3.3533533533533535,0.0,0.0
3.3633633633633635,0.0,0.0
3.3733733733733735,0.0,0.0
3.3833833833833835,0.0,0.0
3.3933933933933935,0.0,0.0
3.4034034034034035,0.0,0.0
3.4134134134134135,0.0,0.0
3.4234234234234235,0.0,0.0
3.4334334334334335,0.0,0.0
3.4434434434434436,0.0,0.0
3.4534534534534536,0.0,0.0
3.4634634634634636,0.0,0.0
3.4734734734734736,0.0,0.0
3.4834834834834836,0.0,0.0
3.4934934934934936,0.0,0.0
3.5035035035035036,0.0,0.0
3.5135135135135136,0.0,0.0
3.5235235235235236,0.0,0.0
3.5335335335335336,0.0,0.0
3.5435435435435436,0.0,0.0
3.5535535535535536,0.0,0.0
3.5635635635635636,0.0,0.0
3.5735735735735736,0.0,0.0
3.5835835835835836,0.0,0.0
3.5935935935935936,0.0,0.0
3.6036036036036037,0.0,0.0
3.6136136136136137,0.0,0.0
3.6236236236236237,0.0,0.0
3.6336336336336337,0.0,0.0
3.6436436436436437,0.0,0.0
3.6536536536536537,0.0,0.0
3.6636636636636637,0.0,0.0
3.6736736736736737,0.0,0.0
3.6836836836836837,0.0,0.0
3.6936936936936937,0.0,0.0
3.7037037037037037,0.0,0.0
3.7137137137137137,0.0,0.0
3.7237237237237237,0.0,0.0
3.7337337337337337,0.0,0.0
3.7437437437437437,0.0,0.0
3.7537537537537538,10.0,0.18630027770996094
3.7637637637637638,10.0,0.6695022583007812
3.7737737737737738,10.0,1.1336994171142578
3.7837837837837838,10.0,1.5793991088867188
3.793793793793794,10.0,2.0074005126953125
3.803803803803804,10.0,2.4180984497070312
3.813813813813814,10.0,2.8123016357421875
3.823823823823824,10.0,3.190399169921875
3.833833833833834,10.0,3.5531005859375
3.843843843843844,10.0,3.9009017944335938
3.853853853853854,10.0,4.234397888183594
3.863863863863864,10.0,4.553901672363281
3.873873873873874,10.0,4.860099792480469
3.883883883883884,10.0,5.153297424316406
3.893893893893894,10.0,5.4340972900390625
3.903903903903904,10.0,5.702903747558594
3.913913913913914,10.0,5.960197448730469
3.923923923923924,10.0,6.206199645996094
3.933933933933934,10.0,6.441497802734375
3.943943943943944,10.0,6.6663970947265625
3.953953953953954,10.0,6.8813018798828125
3.963963963963964,10.0,7.086601257324219
3.973973973973974,10.0,7.282600402832031
3.983983983983984,10.0,7.469596862792969
3.993993993993994,10.0,7.648002624511719
4.004004004004004,10.0,7.8180999755859375
4.014014014014014,10.0,7.980201721191406
4.024024024024024,10.0,8.134597778320312
4.034034034034034,10.0,8.281600952148438
4.044044044044044,10.0,8.421401977539062
4.054054054054054,10.0,8.554306030273438
4.064064064064064,10.0,8.680694580078125
4.074074074074074,10.0,8.80059814453125
4.084084084084084,10.0,8.914398193359375
4.094094094094094,10.0,9.02239990234375
4.104104104104104,10.0,9.124603271484375
4.114114114114114,10.0,9.221405029296875
4.124124124124124,10.0,9.313003540039062
4.134134134134134,10.0,9.399505615234375
4.1441441441441444,10.0,9.481201171875
4.1541541541541545,10.0,9.558197021484375
4.1641641641641645,10.0,9.630706787109375
4.1741741741741745,10.0,9.698898315429688
4.1841841841841845,10.0,9.76300048828125
4.1941941941941945,10.0,9.823104858398438
4.2042042042042045,10.0,9.87939453125
4.2142142142142145,10.0,9.932098388671875
4.2242242242242245,10.0,9.981201171875
4.2342342342342345,10.0,10.027000427246094
4.2442442442442445,10.0,10.069599151611328
4.2542542542542545,10.0,10.108999252319336
4.2642642642642645,10.0,10.145500183105469
4.2742742742742745,10.0,10.17919921875
4.2842842842842845,10.0,10.210100173950195
4.2942942942942945,10.0,10.238399505615234
4.3043043043043046,10.0,10.264200210571289
4.314314314314315,10.0,10.287700653076172
4.324324324324325,10.0,10.308799743652344
4.334334334334335,10.0,10.327699661254883
4.344344344344345,10.0,10.344600677490234
4.354354354354355,10.0,10.359399795532227
4.364364364364365,10.0,10.372400283813477
4.374374374374375,10.0,10.383499145507812
4.384384384384385,10.0,10.392799377441406
4.394394394394395,10.0,10.40049934387207
4.404404404404405,10.0,10.406700134277344
4.414414414414415,10.0,10.411300659179688
4.424424424424425,10.0,10.414400100708008
4.434434434434435,10.0,10.416200637817383
4.444444444444445,10.0,10.41670036315918
4.454454454454455,10.0,10.415899276733398
4.464464464464465,10.0,10.413900375366211
4.474474474474475,10.0,10.41080093383789
4.484484484484485,10.0,10.406700134277344
4.494494494494495,10.0,10.401500701904297
4.504504504504505,10.0,10.39539909362793
4.514514514514515,10.0,10.388399124145508
4.524524524524525,10.0,10.380500793457031
4.534534534534535,10.0,10.37179946899414
4.544544544544545,10.0,10.362300872802734
4.554554554554555,10.0,10.352100372314453
4.564564564564565,10.0,10.34119987487793
4.574574574574575,10.0,10.329700469970703
4.584584584584585,10.0,10.317499160766602
4.594594594594595,10.0,10.304800033569336
4.604604604604605,10.0,10.291500091552734
4.614614614614615,10.0,10.277799606323242
4.624624624624625,10.0,10.263599395751953
4.634634634634635,10.0,10.248899459838867
4.644644644644645,10.0,10.233800888061523
4.654654654654655,10.0,10.218399047851562
4.664664664664665,10.0,10.202600479125977
4.674674674674675,10.0,10.186500549316406
4.684684684684685,10.0,10.170099258422852
4.694694694694695,10.0,10.153400421142578
4.704704704704705,10.0,10.13640022277832
4.714714714714715,10.0,10.119199752807617
4.724724724724725,10.0,10.101800918579102
4.734734734734735,10.0,10.084299087524414
4.744744744744745,10.0,10.066499710083008
4.754754754754755,10.0,10.048599243164062
4.764764764764765,10.0,10.030599594116211
4.774774774774775,10.0,10.012500762939453
4.784784784784785,10.0,9.99420166015625
4.794794794794795,10.0,9.975906372070312
4.804804804804805,10.0,9.957504272460938
4.814814814814815,10.0,9.939102172851562
4.824824824824825,10.0,9.92059326171875
4.834834834834835,10.0,9.902099609375
4.844844844844845,10.0,9.883499145507812
4.854854854854855,10.0,9.865005493164062
4.864864864864865,10.0,9.84649658203125
4.874874874874875,10.0,9.827896118164062
4.884884884884885,10.0,9.809494018554688
4.894894894894895,10.0,9.791000366210938
4.904904904904905,10.0,9.772598266601562
4.914914914914915,10.0,9.754302978515625
4.924924924924925,10.0,9.735992431640625
4.934934934934935,10.0,9.717803955078125
4.944944944944945,10.0,9.699600219726562
4.954954954954955,10.0,9.681594848632812
4.964964964964965,10.0,9.663604736328125
4.974974974974975,10.0,9.645706176757812
4.984984984984985,10.0,9.628005981445312
4.994994994994995,10.0,9.610305786132812
5.005005005005005,10.0,9.592803955078125
5.015015015015015,10.0,9.575393676757812
5.025025025025025,10.0,9.55810546875
5.035035035035035,10.0,9.5408935546875
5.045045045045045,10.0,9.5238037109375
5.055055055055055,10.0,9.50689697265625
5.065065065065065,10.0,9.490097045898438
5.075075075075075,10.0,9.473495483398438
5.085085085085085,10.0,9.457000732421875
5.095095095095095,10.0,9.440704345703125
5.105105105105105,10.0,9.42449951171875
5.115115115115115,10.0,9.408401489257812
5.125125125125125,10.0,9.392501831054688
5.135135135135135,10.0,9.376800537109375
5.145145145145145,10.0,9.3612060546875
5.155155155155155,10.0,9.345794677734375
5.165165165165165,10.0,9.33050537109375
5.175175175175175,10.0,9.315399169921875
5.185185185185185,10.0,9.300506591796875
5.195195195195195,10.0,9.28570556640625
5.205205205205205,10.0,9.271102905273438
5.215215215215215,10.0,9.256698608398438
5.225225225225225,10.0,9.242401123046875
5.235235235235235,10.0,9.228195190429688
5.245245245245245,10.0,9.21429443359375
5.255255255255255,10.0,9.20050048828125
5.265265265265265,10.0,9.186904907226562
5.275275275275275,10.0,9.17340087890625
5.285285285285285,20.0,9.42159652709961
5.295295295295295,20.0,9.888801574707031
5.305305305305305,20.0,10.337102890014648
5.315315315315315,20.0,10.767200469970703
5.325325325325325,20.0,11.179805755615234
5.335335335335335,20.0,11.575599670410156
5.345345345345345,20.0,11.954795837402344
5.355355355355355,20.0,12.318492889404297
5.365365365365365,20.0,12.666900634765625
5.375375375375375,20.0,13.000598907470703
5.385385385385385,20.0,13.320205688476562
5.395395395395395,20.0,13.626106262207031
5.405405405405405,20.0,13.918998718261719
5.415415415415415,20.0,14.1990966796875
5.425425425425425,20.0,14.466903686523438
5.435435435435435,20.0,14.722991943359375
5.445445445445445,20.0,14.967796325683594
5.455455455455455,20.0,15.201591491699219
5.465465465465465,20.0,15.424797058105469
5.475475475475475,20.0,15.637794494628906
5.485485485485485,20.0,15.841194152832031
5.495495495495495,20.0,16.035003662109375
5.505505505505505,20.0,16.219696044921875
5.515515515515515,20.0,16.39569091796875
5.525525525525525,20.0,16.56330108642578
5.535535535535535,20.0,16.72259521484375
5.545545545545545,20.0,16.874298095703125
5.555555555555555,20.0,17.018386840820312
5.565565565565565,20.0,17.15521240234375
5.575575575575575,20.0,17.28509521484375
5.585585585585585,20.0,17.408294677734375
5.595595595595595,20.0,17.525009155273438
5.605605605605605,20.0,17.635498046875
5.615615615615615,20.0,17.7401123046875
5.625625625625625,20.0,17.838912963867188
5.635635635635635,20.0,17.932296752929688
5.645645645645645,20.0,18.020294189453125
5.655655655655655,20.0,18.10321044921875
5.665665665665665,20.0,18.181198120117188
5.675675675675675,20.0,18.254501342773438
5.685685685685685,20.0,18.323410034179688
5.6956956956956954,20.0,18.387908935546875
5.7057057057057055,20.0,18.44830322265625
5.7157157157157155,20.0,18.504501342773438
5.7257257257257255,20.0,18.557098388671875
5.7357357357357355,20.0,18.60589599609375
5.7457457457457455,20.0,18.65130615234375
5.7557557557557555,20.0,18.69329833984375
5.7657657657657655,20.0,18.731897354125977
5.7757757757757755,20.0,18.76749610900879
5.7857857857857855,20.0,18.800193786621094
5.7957957957957955,20.0,18.829992294311523
5.8058058058058055,20.0,18.85710334777832
5.8158158158158155,20.0,18.881500244140625
5.8258258258258255,20.0,18.90349578857422
5.8358358358358355,20.0,18.923105239868164
5.8458458458458455,20.0,18.94049835205078
5.8558558558558556,20.0,18.955507278442383
5.865865865865866,20.0,18.96860694885254
5.875875875875876,20.0,18.979705810546875
5.885885885885886,20.0,18.98880386352539
5.895895895895896,20.0,18.99619483947754
5.905905905905906,20.0,19.001806259155273
5.915915915915916,20.0,19.005794525146484
5.925925925925926,20.0,19.008304595947266
5.935935935935936,20.0,19.009199142456055
5.945945945945946,20.0,19.00869369506836
5.955955955955956,20.0,19.00690269470215
5.965965965965966,20.0,19.00370216369629
5.975975975975976,20.0,18.999393463134766
5.985985985985986,20.0,18.9939022064209
5.995995995995996,20.0,18.987306594848633
6.006006006006006,20.0,18.97969627380371
6.016016016016016,20.0,18.971094131469727
6.026026026026026,20.0,18.961597442626953
6.036036036036036,20.0,18.951101303100586
6.046046046046046,20.0,18.939796447753906
6.056056056056056,20.0,18.927799224853516
6.066066066066066,20.0,18.91509246826172
6.076076076076076,20.0,18.901601791381836
6.086086086086086,20.0,18.887502670288086
6.096096096096096,20.0,18.872703552246094
6.106106106106106,20.0,18.857402801513672
6.116116116116116,20.0,18.84160041809082
6.126126126126126,20.0,18.825199127197266
6.136136136136136,20.0,18.80840492248535
6.146146146146146,20.0,18.79110336303711
6.156156156156156,20.0,18.773500442504883
6.166166166166166,20.0,18.755403518676758
6.176176176176176,20.0,18.73710060119629
6.186186186186186,20.0,18.718395233154297
6.196196196196196,20.0,18.69949722290039
6.206206206206206,20.0,18.680200576782227
6.216216216216216,20.0,18.660694122314453
6.226226226226226,20.0,18.64100456237793
6.236236236236236,20.0,18.621105194091797
6.246246246246246,20.0,18.60100555419922
6.256256256256256,20.0,18.58079719543457
6.266266266266266,20.0,18.560405731201172
6.276276276276276,20.0,18.539905548095703
6.286286286286286,20.0,18.51939582824707
6.296296296296296,20.0,18.498594284057617
6.306306306306306,20.0,18.478008270263672
6.316316316316316,20.0,18.45709228515625
6.326326326326326,20.0,18.4364013671875
6.336336336336336,20.0,18.415496826171875
6.346346346346346,20.0,18.394699096679688
6.356356356356356,20.0,18.373794555664062
6.366366366366366,20.0,18.352996826171875
6.376376376376376,20.0,18.33221435546875
6.386386386386386,20.0,18.3114013671875
6.396396396396396,20.0,18.290695190429688
6.406406406406406,20.0,18.270111083984375
6.416416416416417,20.0,18.249496459960938
6.426426426426427,20.0,18.228988647460938
6.436436436436437,20.0,18.208602905273438
6.446446446446447,20.0,18.18829345703125
6.456456456456457,20.0,18.168106079101562
6.466466466466467,20.0,18.147994995117188
6.476476476476477,20.0,18.128005981445312
6.486486486486487,20.0,18.108001708984375
6.496496496496497,20.0,18.088302612304688
6.506506506506507,20.0,18.068603515625
6.516516516516517,20.0,18.049209594726562
6.526526526526527,20.0,18.029800415039062
6.536536536536537,20.0,18.010604858398438
6.546546546546547,20.0,17.991485595703125
6.556556556556557,20.0,17.972610473632812
6.566566566566567,20.0,17.953903198242188
6.576576576576577,20.0,17.935287475585938
6.586586586586587,20.0,17.91680908203125
6.596596596596597,20.0,17.898590087890625
6.606606606606607,20.0,17.880599975585938
6.616616616616617,20.0,17.862594604492188
6.626626626626627,20.0,17.844894409179688
6.636636636636637,20.0,17.827301025390625
6.646646646646647,20.0,17.809906005859375
6.656656656656657,20.0,17.792709350585938
6.666666666666667,20.0,17.775711059570312
6.676676676676677,20.0,17.758895874023438
6.686686686686687,20.0,17.742202758789062
6.696696696696697,20.0,17.725601196289062
6.706706706706707,20.0,17.70928955078125
6.716716716716717,20.0,17.693206787109375
6.726726726726727,20.0,17.677291870117188
6.736736736736737,20.0,17.661605834960938
6.746746746746747,20.0,17.646102905273438
6.756756756756757,20.0,17.630599975585938
6.766766766766767,20.0,17.615402221679688
6.776776776776777,20.0,17.600509643554688
6.786786786786787,20.0,17.585601806640625
6.796796796796797,20.0,17.570999145507812
6.806806806806807,20.0,17.556488037109375
6.816816816816817,20.0,17.54229736328125
6.826826826826827,20.0,17.5281982421875
6.836836836836837,20.0,17.514297485351562
6.846846846846847,20.0,17.500503540039062
6.856856856856857,20.0,17.48699951171875
6.866866866866867,20.0,17.47369384765625
6.876876876876877,20.0,17.460494995117188
6.886886886886887,20.0,17.447402954101562
6.896896896896897,20.0,17.434707641601562
6.906906906906907,20.0,17.421905517578125
6.916916916916917,20.0,17.409500122070312
6.926926926926927,20.0,17.397201538085938
6.936936936936937,20.0,17.385101318359375
6.946946946946947,20.0,17.37310791015625
6.956956956956957,20.0,17.361297607421875
6.966966966966967,20.0,17.349700927734375
6.976976976976977,20.0,17.338211059570312
6.986986986986987,20.0,17.327011108398438
6.996996996996997,20.0,17.315902709960938
7.007007007007007,20.0,17.304901123046875
7.017017017017017,20.0,17.294097900390625
7.027027027027027,20.0,17.283401489257812
7.037037037037037,20.0,17.272994995117188
7.047047047047047,20.0,17.262710571289062
7.057057057057057,20.0,17.252410888671875
7.067067067067067,20.0,17.242401123046875
7.077077077077077,20.0,17.23260498046875
7.087087087087087,20.0,17.222808837890625
7.097097097097097,20.0,17.21319580078125
7.107107107107107,20.0,17.203903198242188
7.117117117117117,20.0,17.194595336914062
7.127127127127127,20.0,17.185501098632812
7.137137137137137,20.0,17.1763916015625
7.147147147147147,20.0,17.1676025390625
7.157157157157157,20.0,17.158905029296875
7.167167167167167,20.0,17.150299072265625
7.177177177177177,20.0,17.141891479492188
7.187187187187187,20.0,17.133590698242188
7.197197197197197,20.0,17.125411987304688
7.207207207207207,20.0,17.117294311523438
7.217217217217217,20.0,17.109405517578125
7.227227227227227,20.0,17.101608276367188
7.237237237237237,20.0,17.094009399414062
7.247247247247247,20.0,17.086395263671875
7.257257257257257,20.0,17.079010009765625
7.267267267267267,20.0,17.071701049804688
7.277277277277277,20.0,17.064498901367188
7.287287287287287,20.0,17.0574951171875
7.297297297297297,20.0,17.050506591796875
7.307307307307307,20.0,17.043701171875
7.317317317317317,13.0,16.784496307373047
7.327327327327327,13.0,16.44440460205078
7.337337337337337,13.0,16.117706298828125
7.347347347347347,13.0,15.803794860839844
7.357357357357357,13.0,15.502300262451172
7.367367367367367,13.0,15.212697982788086
7.377377377377377,13.0,14.934803009033203
7.387387387387387,13.0,14.66800308227539
7.397397397397397,13.0,14.411998748779297
7.407407407407407,13.0,14.166301727294922
7.4174174174174174,13.0,13.930801391601562
7.4274274274274275,13.0,13.704902648925781
7.4374374374374375,13.0,13.488292694091797
7.4474474474474475,13.0,13.280807495117188
7.4574574574574575,13.0,13.08199691772461
7.4674674674674675,13.0,12.891494750976562
7.4774774774774775,13.0,12.7091064453125
7.4874874874874875,13.0,12.534706115722656
7.4974974974974975,13.0,12.367599487304688
7.5075075075075075,13.0,12.207801818847656
7.5175175175175175,13.0,12.055107116699219
7.5275275275275275,13.0,11.908897399902344
7.5375375375375375,13.0,11.769386291503906
7.5475475475475475,13.0,11.636100769042969
7.5575575575575575,13.0,11.508804321289062
7.5675675675675675,13.0,11.387496948242188
7.5775775775775776,13.0,11.2716064453125
7.587587587587588,13.0,11.161209106445312
7.597597597597598,13.0,11.056007385253906
7.607607607607608,13.0,10.955802917480469
7.617617617617618,13.0,10.860404968261719
7.627627627627628,13.0,10.769500732421875
7.637637637637638,13.0,10.683212280273438
7.647647647647648,13.0,10.601211547851562
7.657657657657658,13.0,10.52349853515625
7.667667667667668,13.0,10.449607849121094
7.677677677677678,13.0,10.379600524902344
7.687687687687688,13.0,10.313201904296875
7.697697697697698,13.0,10.25030517578125
7.707707707707708,13.0,10.190887451171875
7.717717717717718,13.0,10.134910583496094
7.727727727727728,13.0,10.081901550292969
7.737737737737738,13.0,10.031906127929688
7.747747747747748,13.0,9.984901428222656
7.757757757757758,13.0,9.940597534179688
7.767767767767768,13.0,9.899002075195312
7.777777777777778,13.0,9.860092163085938
7.787787787787788,13.0,9.823600769042969
7.797797797797798,13.0,9.789398193359375
7.807807807807808,13.0,9.757499694824219
7.817817817817818,13.0,9.727897644042969
7.827827827827828,13.0,9.700202941894531
7.837837837837838,13.0,9.674690246582031
7.847847847847848,13.0,9.651199340820312
7.857857857857858,13.0,9.629310607910156
7.867867867867868,13.0,9.609291076660156
7.877877877877878,13.0,9.59100341796875
7.887887887887888,13.0,9.574295043945312
7.897897897897898,13.0,9.559104919433594
7.907907907907908,13.0,9.545394897460938
7.917917917917918,13.0,9.533210754394531
7.927927927927928,13.0,9.522285461425781
7.937937937937938,13.0,9.512809753417969
7.947947947947948,13.0,9.504493713378906
7.957957957957958,13.0,9.497314453125
7.967967967967968,13.0,9.491310119628906
7.977977977977978,13.0,9.486190795898438
7.987987987987988,13.0,9.482391357421875
7.997997997997998,13.0,9.479499816894531
8.008008008008009,13.0,9.477394104003906
8.018018018018019,13.0,9.476402282714844
8.028028028028029,13.0,9.476097106933594
8.038038038038039,13.0,9.476799011230469
8.048048048048049,13.0,9.478004455566406
8.058058058058059,13.0,9.4801025390625
8.068068068068069,13.0,9.482803344726562
8.078078078078079,13.0,9.486198425292969
8.088088088088089,13.0,9.490303039550781
8.098098098098099,21.0,9.813610076904297
8.108108108108109,21.0,10.198707580566406
8.118118118118119,21.0,10.569290161132812
8.128128128128129,21.0,10.925800323486328
8.138138138138139,21.0,11.268800735473633
8.148148148148149,21.0,11.598793029785156
8.158158158158159,21.0,11.91610336303711
8.168168168168169,21.0,12.22110366821289
8.178178178178179,21.0,12.514305114746094
8.188188188188189,21.0,12.796211242675781
8.198198198198199,21.0,13.067092895507812
8.208208208208209,21.0,13.327194213867188
8.218218218218219,21.0,13.577190399169922
8.228228228228229,21.0,13.817390441894531
8.238238238238239,21.0,14.047691345214844
8.248248248248249,21.0,14.26910400390625
8.258258258258259,21.0,14.48150634765625
8.268268268268269,21.0,14.685302734375
8.278278278278279,21.0,14.88079833984375
8.288288288288289,21.0,15.06829833984375
8.298298298298299,21.0,15.248008728027344
8.308308308308309,21.0,15.420204162597656
8.318318318318319,21.0,15.585395812988281
8.328328328328329,21.0,15.743507385253906
8.338338338338339,21.0,15.894996643066406
8.348348348348349,21.0,16.039901733398438
8.358358358358359,21.0,16.17890167236328
8.368368368368369,21.0,16.311492919921875
8.378378378378379,21.0,16.438690185546875
8.388388388388389,21.0,16.55999755859375
8.398398398398399,21.0,16.676193237304688
8.408408408408409,21.0,16.787094116210938
8.418418418418419,21.0,16.892784118652344
8.428428428428429,21.0,16.993995666503906
8.438438438438439,21.0,17.090301513671875
8.448448448448449,21.0,17.18231201171875
8.458458458458459,21.0,17.2698974609375
8.468468468468469,21.0,17.35350799560547
8.478478478478479,21.0,17.43299102783203
8.488488488488489,21.0,17.508697509765625
8.498498498498499,21.0,17.580604553222656
8.508508508508509,21.0,17.64910125732422
8.518518518518519,21.0,17.714096069335938
8.528528528528529,21.0,17.775794982910156
8.538538538538539,21.0,17.834205627441406
8.548548548548549,21.0,17.88971710205078
8.558558558558559,21.0,17.942306518554688
8.568568568568569,21.0,17.991897583007812
8.578578578578579,21.0,18.03899383544922
8.588588588588589,21.0,18.083396911621094
8.598598598598599,21.0,18.125205993652344
8.608608608608609,21.0,18.16460418701172
8.618618618618619,21.0,18.20178985595703
8.62862862862863,21.0,18.236801147460938
8.63863863863864,21.0,18.269508361816406
8.64864864864865,21.0,18.300308227539062
8.65865865865866,21.0,18.3291015625
8.66866866866867,21.0,18.35590362548828
8.67867867867868,21.0,18.380897521972656
8.68868868868869,21.0,18.404197692871094
8.6986986986987,21.0,18.42589569091797
8.70870870870871,21.0,18.44599151611328
8.71871871871872,21.0,18.464401245117188
8.72872872872873,21.0,18.481491088867188
8.73873873873874,21.0,18.49720001220703
8.74874874874875,21.0,18.511505126953125
8.75875875875876,21.0,18.5242919921875
8.76876876876877,21.0,18.53620147705078
8.77877877877878,21.0,18.54680633544922
8.78878878878879,21.0,18.556297302246094
8.7987987987988,21.0,18.564605712890625
8.80880880880881,21.0,18.572006225585938
8.81881881881882,21.0,18.57831573486328
8.82882882882883,21.0,18.58380126953125
8.83883883883884,21.0,18.588302612304688
8.84884884884885,21.0,18.591995239257812
8.85885885885886,21.0,18.594696044921875
8.86886886886887,21.0,18.596702575683594
8.87887887887888,21.0,18.598098754882812
8.88888888888889,21.0,18.59870147705078
8.8988988988989,21.0,18.598587036132812
8.90890890890891,21.0,18.59789276123047
8.91891891891892,21.0,18.59661102294922
8.92892892892893,21.0,18.594711303710938
8.93893893893894,21.0,18.592308044433594
8.94894894894895,21.0,18.589202880859375
8.95895895895896,21.0,18.585800170898438
8.96896896896897,21.0,18.5819091796875
8.97897897897898,21.0,18.577392578125
8.98898898898899,21.0,18.57270050048828
8.998998998999,21.0,18.567588806152344
9.00900900900901,21.0,18.561996459960938
9.01901901901902,21.0,18.555992126464844
9.02902902902903,21.0,18.549896240234375
9.03903903903904,21.0,18.543304443359375
9.04904904904905,21.0,18.536399841308594
9.05905905905906,21.0,18.52928924560547
9.06906906906907,21.0,18.521888732910156
9.07907907907908,21.0,18.51428985595703
9.08908908908909,21.0,18.506492614746094
9.0990990990991,21.0,18.498497009277344
9.10910910910911,21.0,18.490196228027344
9.11911911911912,21.0,18.481796264648438
9.12912912912913,21.0,18.473297119140625
9.13913913913914,21.0,18.464393615722656
9.14914914914915,21.0,18.45550537109375
9.15915915915916,21.0,18.446510314941406
9.16916916916917,21.0,18.437408447265625
9.17917917917918,21.0,18.428207397460938
9.18918918918919,21.0,18.41889190673828
9.1991991991992,21.0,18.409591674804688
9.20920920920921,21.0,18.399993896484375
9.21921921921922,21.0,18.390609741210938
9.22922922922923,21.0,18.381011962890625
9.23923923923924,21.0,18.371292114257812
9.24924924924925,21.0,18.361488342285156
9.25925925925926,21.0,18.35199737548828
9.26926926926927,21.0,18.34210205078125
9.27927927927928,21.0,18.3323974609375
9.28928928928929,21.0,18.322593688964844
9.2992992992993,21.0,18.31279754638672
9.30930930930931,21.0,18.303192138671875
9.31931931931932,21.0,18.293296813964844
9.32932932932933,21.0,18.283599853515625
9.33933933933934,21.0,18.273895263671875
9.34934934934935,21.0,18.264190673828125
9.35935935935936,21.0,18.254493713378906
9.36936936936937,21.0,18.244789123535156
9.37937937937938,21.0,18.235198974609375
9.38938938938939,21.0,18.225502014160156
9.3993993993994,21.0,18.21600341796875
9.40940940940941,21.0,18.206512451171875
9.41941941941942,21.0,18.196990966796875
9.42942942942943,21.0,18.187599182128906
9.43943943943944,21.0,18.178298950195312
9.44944944944945,21.0,18.16899871826172
9.45945945945946,21.0,18.15979766845703
9.46946946946947,21.0,18.15070343017578
9.47947947947948,21.0,18.141510009765625
9.48948948948949,21.0,18.13249969482422
9.4994994994995,21.0,18.123497009277344
9.50950950950951,21.0,18.114700317382812
9.51951951951952,21.0,18.10589599609375
9.52952952952953,21.0,18.097206115722656
9.53953953953954,21.0,18.0885009765625
9.54954954954955,21.0,18.079910278320312
9.55955955955956,21.0,18.07129669189453
9.56956956956957,21.0,18.063011169433594
9.57957957957958,21.0,18.054603576660156
9.58958958958959,21.0,18.046295166015625
9.5995995995996,21.0,18.038101196289062
9.60960960960961,21.0,18.03009796142578
9.61961961961962,21.0,18.02208709716797
9.62962962962963,21.0,18.01409912109375
9.63963963963964,21.0,18.006195068359375
9.64964964964965,21.0,17.998489379882812
9.65965965965966,21.0,17.99090576171875
9.66966966966967,21.0,17.983291625976562
9.67967967967968,21.0,17.975799560546875
9.68968968968969,21.0,17.968505859375
9.6996996996997,21.0,17.961090087890625
9.70970970970971,21.0,17.95380401611328
9.71971971971972,21.0,17.946701049804688
9.72972972972973,21.0,17.939598083496094
9.73973973973974,21.0,17.93268585205078
9.74974974974975,21.0,17.92578887939453
9.75975975975976,21.0,17.91899871826172
9.76976976976977,21.0,17.912193298339844
9.77977977977978,21.0,17.905685424804688
9.78978978978979,21.0,17.89910125732422
9.7997997997998,21.0,17.8927001953125
9.80980980980981,21.0,17.88629150390625
9.81981981981982,21.0,17.87999725341797
9.82982982982983,21.0,17.8739013671875
9.83983983983984,21.0,17.867691040039062
9.84984984984985,21.0,17.8616943359375
9.85985985985986,21.0,17.855804443359375
9.86986986986987,21.0,17.849899291992188
9.87987987987988,21.0,17.844093322753906
9.88988988988989,21.0,17.838302612304688
9.8998998998999,21.0,17.832603454589844
9.90990990990991,21.0,17.82709503173828
9.91991991991992,21.0,17.82160186767578
9.92992992992993,21.0,17.816307067871094
9.93993993993994,21.0,17.81090545654297
9.94994994994995,21.0,17.805694580078125
9.95995995995996,21.0,17.800498962402344
9.96996996996997,21.0,17.79540252685547
9.97997997997998,21.0,17.790504455566406
9.98998998998999,21.0,17.785507202148438
10.0,21.0,17.780601501464844
